Photo;Name;Comment;Code (Short);Code (Some Countries)
mlp-wave-1-pinkie-pie-blind-bag.jpg;Pinkie Pie;;#01;#20415
mlp-wave-1-applejack-blind-bag.jpg;Applejack;;#02;#20425
mlp-wave-1-rainbow-dash-blind-bag.jpg;Rainbow Dash;;#03;#20435
mlp-wave-1-rarity-blind-bag.jpg;Rarity;;#04;#20445
mlp-wave-1-twilight-sparkle-blind-bag.jpg;Twilight Sparkle;;#05;#20455
mlp-wave-1-fluttershy-blind-bag.jpg;Fluttershy;;#06;#20465
mlp-wave-1-sugar-grape-blind-bag.jpg;Sugar Grape;;#07;#20475
mlp-wave-1-lily-blossom-light-blind-bag.jpg;Lily Blossom;Light body;#08;#20485
mlp-wave-1-lily-blossom-dark-blind-bag.jpg;Lily Blossom;Dark body;#08;#20485
mlp-wave-1-minty-blind-bag.jpg;Minty;;#09;#20495
mlp-wave-1-bubmlesweet-blind-bag.jpg;Bubmlesweet;;#10;#21405
mlp-wave-1-fizzypop-blind-bag.jpg;Fizzypop;;#11;#21415
mlp-wave-1-flower-wishes-blind-bag.jpg;Flower Wishes;;#12;#21425
mlp-wave-1-roseluck-blind-bag.jpg;Roseluck;;#13;#21435
mlp-wave-1-sweetie-blue-blind-bag.jpg;Sweetie Blue;;#14;#21445
mlp-wave-1-pepperdance-blind-bag.jpg;Pepperdance;;#15;#21455
mlp-wave-1-lemon-hearts-blind-bag.jpg;Lemon Hearts;;#16;#21465
mlp-wave-1-cherry-spices-blind-bag.jpg;Cherry Spices;;#17;#21475
mlp-wave-1-sweetie-swirl-blind-bag.jpg;Sweetie Swirl;;#18;#21485
mlp-wave-1-lucky-swirl-blind-bag.jpg;Lucky Swirl;;#19;#21495
mlp-wave-1-sweetcream-scoops-blind-bag.jpg;Sweetcream Scoops;;#20;#22405
mlp-wave-1-firecracker-burst-blind-bag.jpg;Firecracker Burst;;#21;#22415
mlp-wave-1-pinkie-pie-glitter-blind-bag.jpg;Pinkie Pie;Glitter;#22;#22425
mlp-wave-1-twilight-sparkle-glitter-pink-blind-bag.jpg;Twilight Sparkle;Glitter, Pink body;#23;#22435
mlp-wave-1-twilight-sparkle-glitter-purple-blind-bag.jpg;Twilight Sparkle;Glitter, Purple body;#23;#22435
mlp-wave-1-rainbow-dash-glitter-blind-bag.jpg;Rainbow Dash;Glitter;#24;#22445
